{
  "meta": {
    "n_top": 20,
    "n_used": 20,
    "require_sum_pass": true
  },
  "op_bias": {
    "ADD": 1.9837618620830932,
    "CALL": 0.5257186911769108,
    "DEC": 0.06240220152623866,
    "DIV": 0.8397472908221079,
    "HALT": 0.06240220152623866,
    "INC": 1.8118969323487526,
    "JGT": 0.8540325334354191,
    "JLT": 2.0035572325318167,
    "JMP": 2.546366480017013,
    "JNZ": 0.5257186911769108,
    "JZ": 0.06240220152623866,
    "LDI": 0.5257186911769108,
    "LOAD": 1.6968854568657525,
    "MOV": 0.7213726451600198,
    "MUL": 0.06240220152623866,
    "RET": 0.06240220152623866,
    "SET": 1.9837618620830932,
    "STI": 0.5257186911769108,
    "STORE": 0.16468039712703256,
    "SUB": 0.5257186911769108,
    "SWAP": 0.47194421316325735
  }
}